{
    "POS_distr": {
        "NOUN": {
            "(No, Yes)": {
                "T Test": [
                    -5.8650624044933,
                    5.596785989844718e-09
                ],
                "U Test": [
                    355000.5,
                    2.4212913824857292e-06
                ],
                "Bootstrap": [
                    -0.0648169453434458,
                    -0.03217726278134307
                ]
            }
        },
        "VERB": {
            "(No, Yes)": {
                "T Test": [
                    1.1050120380608752,
                    0.269323094883587
                ],
                "U Test": [
                    419832.0,
                    0.22813235156147582
                ],
                "Bootstrap": [
                    -0.005574295206804456,
                    0.019512977676789393
                ]
            }
        },
        "ADJ": {
            "(No, Yes)": {
                "T Test": [
                    -3.742498273173506,
                    0.00018963299560753298
                ],
                "U Test": [
                    371011.0,
                    0.00020047493828894954
                ],
                "Bootstrap": [
                    -0.03913340774403538,
                    -0.012291289741149033
                ]
            }
        },
        "ADV": {
            "(No, Yes)": {
                "T Test": [
                    0.21015488842702026,
                    0.8335739486336102
                ],
                "U Test": [
                    407730.5,
                    0.9315243326432698
                ],
                "Bootstrap": [
                    -0.008086736942303554,
                    0.009943107593576316
                ]
            }
        },
        "PRON": {
            "(No, Yes)": {
                "T Test": [
                    4.65187138396242,
                    3.544518429842928e-06
                ],
                "U Test": [
                    448520.0,
                    3.49553022561719e-05
                ],
                "Bootstrap": [
                    0.016446216753155045,
                    0.04069924159425183
                ]
            }
        },
        "ADP": {
            "(No, Yes)": {
                "T Test": [
                    3.4101691797786637,
                    0.0006651530342372435
                ],
                "U Test": [
                    443071.0,
                    0.0008510942918223689
                ],
                "Bootstrap": [
                    0.009359543187889572,
                    0.03533528921914821
                ]
            }
        },
        "DET": {
            "(No, Yes)": {
                "T Test": [
                    0.4012937321337439,
                    0.6882593021559308
                ],
                "U Test": [
                    411316.5,
                    0.6810917721102683
                ],
                "Bootstrap": [
                    -0.009751209567967569,
                    0.01491187941781556
                ]
            }
        }
    },
    "text_length": {
        "(No, Yes)": {
            "T Test": [
                -5.980500919489545,
                2.842346271734493e-09
            ],
            "U Test": [
                340717.0,
                3.059818630656661e-09
            ],
            "Bootstrap": [
                -5.43700310129886,
                -2.7817783953081348
            ]
        }
    },
    "av_word_length": {
        "(No, Yes)": {
            "T Test": [
                -7.312730262122409,
                4.3515669332051337e-13
            ],
            "U Test": [
                322188.0,
                3.338455157741295e-14
            ],
            "Bootstrap": [
                -0.5196694574030598,
                -0.2987997048238556
            ]
        }
    },
    "lexical_density": {
        "(No, Yes)": {
            "T Test": [
                -8.260850810471462,
                3.1877379126295296e-16
            ],
            "U Test": [
                316556.5,
                2.956818023668383e-16
            ],
            "Bootstrap": [
                -0.09280830773482361,
                -0.05722062959437476
            ]
        }
    }
}